﻿"name","nationalteam","battingStyle","bowlingStyle","playingRole","image","team"
"Quinton de Kock","South Africa","Left hand Bat","","Wicketkeeper Batter","https://img1.hscicdn.com/image/upload/f_auto/lsci/db/PICTURES/CMS/317900/317947.jpg","Durban's Super Giants"
"Johnson Charles","West Indies","Right hand Bat","","Wicketkeeper Batter","https://img1.hscicdn.com/image/upload/f_auto/lsci/db/PICTURES/CMS/144900/144991.1.jpg","Durban's Super Giants"
"Kyle John Abbott","South Africa","Right hand Bat","Right arm Fast medium","Bowler","https://img1.hscicdn.com/image/upload/f_auto/lsci/db/PICTURES/CMS/267200/267241.1.jpg","Durban's Super Giants"
"Jason Omar Holder","West Indies","Right hand Bat","Right arm Medium fast","Bowling Allrounder","https://img1.hscicdn.com/image/upload/f_auto/lsci/db/PICTURES/CMS/214700/214757.1.jpg","Durban's Super Giants"
"Heinrich Klaasen","South Africa","Right hand Bat","Right arm Offbreak","Wicketkeeper Batter","https://img1.hscicdn.com/image/upload/f_auto/lsci/db/PICTURES/CMS/317900/317958.jpg","Durban's Super Giants"
"Simon Ross Harmer","South Africa","Right hand Bat","Right arm Offbreak","Bowler","https://img1.hscicdn.com/image/upload/f_auto/lsci/db/PICTURES/CMS/300700/300764.1.jpg","Durban's Super Giants"
"Matthew Paul Breetzke","South Africa","Right hand Bat","","Batter","https://img1.hscicdn.com/image/upload/f_auto/lsci/db/PICTURES/CMS/271900/271924.jpg","Durban's Super Giants"
"Carl Junior Dala","South Africa","Right hand Bat","Right arm Medium","Bowler","https://img1.hscicdn.com/image/upload/f_auto/lsci/db/PICTURES/CMS/317900/317955.jpg","Durban's Super Giants"
"Keshav Athmanand Maharaj","South Africa","Right hand Bat","Slow Left arm Orthodox","Bowler","https://img1.hscicdn.com/image/upload/f_auto/lsci/db/PICTURES/CMS/317900/317953.jpg","Durban's Super Giants"
"Kyle Rico Mayers","West Indies","Left hand Bat","Right arm Medium","Batting Allrounder","https://img1.hscicdn.com/image/upload/f_auto/lsci/db/PICTURES/CMS/316000/316081.png","Durban's Super Giants"
"Christiaan Jonker","South Africa","Right hand Bat","Right arm Medium fast","Middle order Batter","https://img1.hscicdn.com/image/upload/f_auto/lsci/db/PICTURES/CMS/146600/146604.1.jpg","Durban's Super Giants"
"Dwaine Pretorius","South Africa","Right hand Bat","Right arm Medium fast","Bowling Allrounder","https://img1.hscicdn.com/image/upload/f_auto/lsci/db/PICTURES/CMS/317900/317962.jpg","Durban's Super Giants"
"Mahamarakkala Kurukulasooriya Patabendige Akila Dananjaya Perera","Sri Lanka","Left hand Bat","Right arm Offbreak, Legbreak","Allrounder","https://img1.hscicdn.com/image/upload/f_auto/lsci/db/PICTURES/CMS/348800/348839.gif","Durban's Super Giants"
"Lokumarakkalage Dilshan Madushanka","Sri Lanka","Right hand Bat","Left arm Medium fast","Bowler","https://img1.hscicdn.com/image/upload/f_auto/lsci/db/PICTURES/CMS/348100/348129.4.jpg","Durban's Super Giants"
"Pieter Willem Adriaan Mulder","South Africa","Right hand Bat","Right arm Medium","Allrounder","https://img1.hscicdn.com/image/upload/f_auto/lsci/db/PICTURES/CMS/317900/317942.jpg","Durban's Super Giants"
"Keemo Mandela Angus Paul","West Indies","Right hand Bat","Right arm Fast medium","Allrounder","https://img1.hscicdn.com/image/upload/f_auto/lsci/db/PICTURES/CMS/352300/352355.4.jpg","Durban's Super Giants"
"GC Viljoen","South Africa","Right hand Bat","Right arm Fast","Bowler","https://img1.hscicdn.com/image/upload/f_auto/lsci/db/PICTURES/CMS/309000/309065.png","Durban's Super Giants"
"Reece James William Topley","England","Right hand Bat","Left arm Fast medium","Bowler","https://img1.hscicdn.com/image/upload/f_auto/lsci/db/PICTURES/CMS/356800/356811.1.png","Durban's Super Giants"
"Prenelan Subrayen","South Africa","Right hand Bat","Right arm Offbreak","Allrounder","https://img1.hscicdn.com/image/upload/f_auto/lsci/db/PICTURES/CMS/148400/148444.jpg","Durban's Super Giants"
