[
  {
    "name": "Quinton de Kock",
    "nationalteam": "South Africa",
    "battingStyle": "Left hand Bat",
    "bowlingStyle": "",
    "playingRole": "Wicketkeeper Batter",
    "image": "https://img1.hscicdn.com/image/upload/f_auto/lsci/db/PICTURES/CMS/317900/317947.jpg",
    "team": "Durban's Super Giants"
  },
  {
    "name": "Johnson Charles",
    "nationalteam": "West Indies",
    "battingStyle": "Right hand Bat",
    "bowlingStyle": "",
    "playingRole": "Wicketkeeper Batter",
    "image": "https://img1.hscicdn.com/image/upload/f_auto/lsci/db/PICTURES/CMS/144900/144991.1.jpg",
    "team": "Durban's Super Giants"
  },
  {
    "name": "Kyle John Abbott",
    "nationalteam": "South Africa",
    "battingStyle": "Right hand Bat",
    "bowlingStyle": "Right arm Fast medium",
    "playingRole": "Bowler",
    "image": "https://img1.hscicdn.com/image/upload/f_auto/lsci/db/PICTURES/CMS/267200/267241.1.jpg",
    "team": "Durban's Super Giants"
  },
  {
    "name": "Jason Omar Holder",
    "nationalteam": "West Indies",
    "battingStyle": "Right hand Bat",
    "bowlingStyle": "Right arm Medium fast",
    "playingRole": "Bowling Allrounder",
    "image": "https://img1.hscicdn.com/image/upload/f_auto/lsci/db/PICTURES/CMS/214700/214757.1.jpg",
    "team": "Durban's Super Giants"
  },
  {
    "name": "Heinrich Klaasen",
    "nationalteam": "South Africa",
    "battingStyle": "Right hand Bat",
    "bowlingStyle": "Right arm Offbreak",
    "playingRole": "Wicketkeeper Batter",
    "image": "https://img1.hscicdn.com/image/upload/f_auto/lsci/db/PICTURES/CMS/317900/317958.jpg",
    "team": "Durban's Super Giants"
  },
  {
    "name": "Simon Ross Harmer",
    "nationalteam": "South Africa",
    "battingStyle": "Right hand Bat",
    "bowlingStyle": "Right arm Offbreak",
    "playingRole": "Bowler",
    "image": "https://img1.hscicdn.com/image/upload/f_auto/lsci/db/PICTURES/CMS/300700/300764.1.jpg",
    "team": "Durban's Super Giants"
  },
  {
    "name": "Matthew Paul Breetzke",
    "nationalteam": "South Africa",
    "battingStyle": "Right hand Bat",
    "bowlingStyle": "",
    "playingRole": "Batter",
    "image": "https://img1.hscicdn.com/image/upload/f_auto/lsci/db/PICTURES/CMS/271900/271924.jpg",
    "team": "Durban's Super Giants"
  },
  {
    "name": "Carl Junior Dala",
    "nationalteam": "South Africa",
    "battingStyle": "Right hand Bat",
    "bowlingStyle": "Right arm Medium",
    "playingRole": "Bowler",
    "image": "https://img1.hscicdn.com/image/upload/f_auto/lsci/db/PICTURES/CMS/317900/317955.jpg",
    "team": "Durban's Super Giants"
  },
  {
    "name": "Keshav Athmanand Maharaj",
    "nationalteam": "South Africa",
    "battingStyle": "Right hand Bat",
    "bowlingStyle": "Slow Left arm Orthodox",
    "playingRole": "Bowler",
    "image": "https://img1.hscicdn.com/image/upload/f_auto/lsci/db/PICTURES/CMS/317900/317953.jpg",
    "team": "Durban's Super Giants"
  },
  {
    "name": "Kyle Rico Mayers",
    "nationalteam": "West Indies",
    "battingStyle": "Left hand Bat",
    "bowlingStyle": "Right arm Medium",
    "playingRole": "Batting Allrounder",
    "image": "https://img1.hscicdn.com/image/upload/f_auto/lsci/db/PICTURES/CMS/316000/316081.png",
    "team": "Durban's Super Giants"
  },
  {
    "name": "Christiaan Jonker",
    "nationalteam": "South Africa",
    "battingStyle": "Right hand Bat",
    "bowlingStyle": "Right arm Medium fast",
    "playingRole": "Middle order Batter",
    "image": "https://img1.hscicdn.com/image/upload/f_auto/lsci/db/PICTURES/CMS/146600/146604.1.jpg",
    "team": "Durban's Super Giants"
  },
  {
    "name": "Dwaine Pretorius",
    "nationalteam": "South Africa",
    "battingStyle": "Right hand Bat",
    "bowlingStyle": "Right arm Medium fast",
    "playingRole": "Bowling Allrounder",
    "image": "https://img1.hscicdn.com/image/upload/f_auto/lsci/db/PICTURES/CMS/317900/317962.jpg",
    "team": "Durban's Super Giants"
  },
  {
    "name": "Mahamarakkala Kurukulasooriya Patabendige Akila Dananjaya Perera",
    "nationalteam": "Sri Lanka",
    "battingStyle": "Left hand Bat",
    "bowlingStyle": "Right arm Offbreak, Legbreak",
    "playingRole": "Allrounder",
    "image": "https://img1.hscicdn.com/image/upload/f_auto/lsci/db/PICTURES/CMS/348800/348839.gif",
    "team": "Durban's Super Giants"
  },
  {
    "name": "Lokumarakkalage Dilshan Madushanka",
    "nationalteam": "Sri Lanka",
    "battingStyle": "Right hand Bat",
    "bowlingStyle": "Left arm Medium fast",
    "playingRole": "Bowler",
    "image": "https://img1.hscicdn.com/image/upload/f_auto/lsci/db/PICTURES/CMS/348100/348129.4.jpg",
    "team": "Durban's Super Giants"
  },
  {
    "name": "Pieter Willem Adriaan Mulder",
    "nationalteam": "South Africa",
    "battingStyle": "Right hand Bat",
    "bowlingStyle": "Right arm Medium",
    "playingRole": "Allrounder",
    "image": "https://img1.hscicdn.com/image/upload/f_auto/lsci/db/PICTURES/CMS/317900/317942.jpg",
    "team": "Durban's Super Giants"
  },
  {
    "name": "Keemo Mandela Angus Paul",
    "nationalteam": "West Indies",
    "battingStyle": "Right hand Bat",
    "bowlingStyle": "Right arm Fast medium",
    "playingRole": "Allrounder",
    "image": "https://img1.hscicdn.com/image/upload/f_auto/lsci/db/PICTURES/CMS/352300/352355.4.jpg",
    "team": "Durban's Super Giants"
  },
  {
    "name": "GC Viljoen",
    "nationalteam": "South Africa",
    "battingStyle": "Right hand Bat",
    "bowlingStyle": "Right arm Fast",
    "playingRole": "Bowler",
    "image": "https://img1.hscicdn.com/image/upload/f_auto/lsci/db/PICTURES/CMS/309000/309065.png",
    "team": "Durban's Super Giants"
  },
  {
    "name": "Reece James William Topley",
    "nationalteam": "England",
    "battingStyle": "Right hand Bat",
    "bowlingStyle": "Left arm Fast medium",
    "playingRole": "Bowler",
    "image": "https://img1.hscicdn.com/image/upload/f_auto/lsci/db/PICTURES/CMS/356800/356811.1.png",
    "team": "Durban's Super Giants"
  },
  {
    "name": "Prenelan Subrayen",
    "nationalteam": "South Africa",
    "battingStyle": "Right hand Bat",
    "bowlingStyle": "Right arm Offbreak",
    "playingRole": "Allrounder",
    "image": "https://img1.hscicdn.com/image/upload/f_auto/lsci/db/PICTURES/CMS/148400/148444.jpg",
    "team": "Durban's Super Giants"
  }
]
