[
  {
    "name": "Francois du Plessis",
    "nationalteam": "South Africa",
    "battingStyle": "Right hand Bat",
    "bowlingStyle": "Legbreak",
    "playingRole": "Middle order Batter",
    "image": "https://img1.hscicdn.com/image/upload/f_auto/lsci/db/PICTURES/CMS/317900/317961.jpg",
    "team": "Joburg Super Kings"
  },
  {
    "name": "Neil Brand",
    "nationalteam": "South Africa",
    "battingStyle": "Left hand Bat",
    "bowlingStyle": "Slow Left arm Orthodox",
    "playingRole": "Batting Allrounder",
    "image": "https://www.espncricinfo.com/static/images/espncricinfo-og.png",
    "team": "Joburg Super Kings"
  },
  {
    "name": "Gerald Coetzee",
    "nationalteam": "South Africa",
    "battingStyle": "Right hand Bat",
    "bowlingStyle": "Right arm Fast",
    "playingRole": "Bowler",
    "image": "https://img1.hscicdn.com/image/upload/f_auto/lsci/db/PICTURES/CMS/345900/345943.4.jpg",
    "team": "Joburg Super Kings"
  },
  {
    "name": "Reeza Raphael Hendricks",
    "nationalteam": "South Africa",
    "battingStyle": "Right hand Bat",
    "bowlingStyle": "Right arm Offbreak",
    "playingRole": "Opening Batter",
    "image": "https://img1.hscicdn.com/image/upload/f_auto/lsci/db/PICTURES/CMS/317900/317945.jpg",
    "team": "Joburg Super Kings"
  },
  {
    "name": "Nandre Burger",
    "nationalteam": "South Africa",
    "battingStyle": "Left hand Bat",
    "bowlingStyle": "Left arm Medium fast",
    "playingRole": "Bowling Allrounder",
    "image": "https://img1.hscicdn.com/image/upload/f_auto/lsci/db/PICTURES/CMS/297500/297549.1.jpg",
    "team": "Joburg Super Kings"
  },
  {
    "name": "Donovan Ferreira",
    "nationalteam": "South Africa",
    "battingStyle": "Right hand Bat",
    "bowlingStyle": "",
    "playingRole": "Allrounder",
    "image": "https://img1.hscicdn.com/image/upload/f_auto/lsci/db/PICTURES/CMS/356800/356889.1.png",
    "team": "Joburg Super Kings"
  },
  {
    "name": "Lewis Gregory",
    "nationalteam": "England",
    "battingStyle": "Right hand Bat",
    "bowlingStyle": "Right arm Medium fast",
    "playingRole": "Allrounder",
    "image": "https://img1.hscicdn.com/image/upload/f_auto/lsci/db/PICTURES/CMS/305000/305040.jpg",
    "team": "Joburg Super Kings"
  },
  {
    "name": "Jacobus Leus du Plooy",
    "nationalteam": "England",
    "battingStyle": "Left hand Bat",
    "bowlingStyle": "Slow Left arm Orthodox",
    "playingRole": "Middle order Batter",
    "image": "https://img1.hscicdn.com/image/upload/f_auto/lsci/db/PICTURES/CMS/324300/324362.png",
    "team": "Joburg Super Kings"
  },
  {
    "name": "George Henry Simmons Garton",
    "nationalteam": "England",
    "battingStyle": "Left hand Bat",
    "bowlingStyle": "Left arm Fast",
    "playingRole": "Bowling Allrounder",
    "image": "https://img1.hscicdn.com/image/upload/f_auto/lsci/db/PICTURES/CMS/241100/241197.1.jpg",
    "team": "Joburg Super Kings"
  },
  {
    "name": "Bongumusa Sibonelo Makhanya",
    "nationalteam": "South Africa",
    "battingStyle": "Right hand Bat",
    "bowlingStyle": "Right arm Medium",
    "playingRole": "Middle order Batter",
    "image": "https://img1.hscicdn.com/image/upload/f_auto/lsci/db/PICTURES/CMS/224000/224071.1.jpg",
    "team": "Joburg Super Kings"
  },
  {
    "name": "Alzarri Shaheim Joseph",
    "nationalteam": "West Indies",
    "battingStyle": "Right hand Bat",
    "bowlingStyle": "Right arm Fast",
    "playingRole": "Bowler",
    "image": "https://img1.hscicdn.com/image/upload/f_auto/lsci/db/PICTURES/CMS/321900/321943.png",
    "team": "Joburg Super Kings"
  },
  {
    "name": "Janneman Nieuwoudt Malan",
    "nationalteam": "South Africa",
    "battingStyle": "Right hand Bat",
    "bowlingStyle": "Legbreak",
    "playingRole": "Top order Batter",
    "image": "https://img1.hscicdn.com/image/upload/f_auto/lsci/db/PICTURES/CMS/317900/317957.jpg",
    "team": "Joburg Super Kings"
  },
  {
    "name": "Aaron Mpho Phangiso",
    "nationalteam": "South Africa",
    "battingStyle": "Right hand Bat",
    "bowlingStyle": "Slow Left arm Orthodox",
    "playingRole": "Bowler",
    "image": "https://img1.hscicdn.com/image/upload/f_auto/lsci/db/PICTURES/CMS/238100/238129.jpg",
    "team": "Joburg Super Kings"
  },
  {
    "name": "Malusi Paul Siboto",
    "nationalteam": "South Africa",
    "battingStyle": "Left hand Bat",
    "bowlingStyle": "Right arm Medium",
    "playingRole": "Bowler",
    "image": "https://img1.hscicdn.com/image/upload/f_auto/lsci/db/PICTURES/CMS/281000/281051.1.jpg",
    "team": "Joburg Super Kings"
  },
  {
    "name": "Morawakage Maheesh Theekshana",
    "nationalteam": "Sri Lanka",
    "battingStyle": "Right hand Bat",
    "bowlingStyle": "Right arm Offbreak",
    "playingRole": "Bowler",
    "image": "https://img1.hscicdn.com/image/upload/f_auto/lsci/db/PICTURES/CMS/336200/336296.4.jpg",
    "team": "Joburg Super Kings"
  },
  {
    "name": "Romario Shepherd",
    "nationalteam": "West Indies",
    "battingStyle": "Right hand Bat",
    "bowlingStyle": "Right arm Fast medium",
    "playingRole": "Bowling Allrounder",
    "image": "https://img1.hscicdn.com/image/upload/f_auto/lsci/db/PICTURES/CMS/322000/322037.png",
    "team": "Joburg Super Kings"
  },
  {
    "name": "Kyle Verreynne",
    "nationalteam": "South Africa",
    "battingStyle": "Right hand Bat",
    "bowlingStyle": "Right arm Offbreak",
    "playingRole": "Wicketkeeper Batter",
    "image": "https://img1.hscicdn.com/image/upload/f_auto/lsci/db/PICTURES/CMS/317900/317952.jpg",
    "team": "Joburg Super Kings"
  },
  {
    "name": "Matthew Scott Wade",
    "nationalteam": "Australia",
    "battingStyle": "Left hand Bat",
    "bowlingStyle": "Right arm Medium",
    "playingRole": "Wicketkeeper Batter",
    "image": "https://img1.hscicdn.com/image/upload/f_auto/lsci/db/PICTURES/CMS/263500/263523.1.jpg",
    "team": "Joburg Super Kings"
  },
  {
    "name": "Lizaad Buyron Williams",
    "nationalteam": "South Africa",
    "battingStyle": "Left hand Bat",
    "bowlingStyle": "Right arm Medium fast",
    "playingRole": "Bowler",
    "image": "https://img1.hscicdn.com/image/upload/f_auto/lsci/db/PICTURES/CMS/329300/329354.4.jpg",
    "team": "Joburg Super Kings"
  },
  {
    "name": "Harry Cherrington Brook",
    "nationalteam": "England",
    "battingStyle": "Right hand Bat",
    "bowlingStyle": "Right arm Medium",
    "playingRole": "Batter",
    "image": "https://img1.hscicdn.com/image/upload/f_auto/lsci/db/PICTURES/CMS/271800/271830.jpg",
    "team": "Joburg Super Kings"
  },
  {
    "name": "Caleb Seleka",
    "nationalteam": "South Africa",
    "battingStyle": "Right hand Bat",
    "bowlingStyle": "Legbreak",
    "playingRole": "Bowler",
    "image": "https://www.espncricinfo.com/static/images/espncricinfo-og.png",
    "team": "Joburg Super Kings"
  }
]
