[
  {
    "name": "David Andrew Miller",
    "nationalteam": "South Africa",
    "battingStyle": "Left hand Bat",
    "bowlingStyle": "Right arm Offbreak",
    "playingRole": "Middle order Batter",
    "image": "https://img1.hscicdn.com/image/upload/f_auto/lsci/db/PICTURES/CMS/317900/317964.jpg",
    "team": "Paarl Royals"
  },
  {
    "name": "Evan Jones",
    "nationalteam": "South Africa",
    "battingStyle": "Right hand Bat",
    "bowlingStyle": "Right arm Medium fast",
    "playingRole": "Batting Allrounder",
    "image": "https://img1.hscicdn.com/image/upload/f_auto/lsci/db/PICTURES/CMS/224500/224573.1.jpg",
    "team": "Paarl Royals"
  },
  {
    "name": "Wihan Johannes Lubbe",
    "nationalteam": "South Africa",
    "battingStyle": "Left hand Bat",
    "bowlingStyle": "Right arm Offbreak",
    "playingRole": "Top order Batter",
    "image": "https://www.espncricinfo.com/static/images/espncricinfo-og.png",
    "team": "Paarl Royals"
  },
  {
    "name": "Imran Manack",
    "nationalteam": "South Africa",
    "battingStyle": "Right hand Bat",
    "bowlingStyle": "Right arm Offbreak",
    "playingRole": "Bowler",
    "image": "https://www.espncricinfo.com/static/images/espncricinfo-og.png",
    "team": "Paarl Royals"
  },
  {
    "name": "Bjorn Carl Fortuin",
    "nationalteam": "South Africa",
    "battingStyle": "Right hand Bat",
    "bowlingStyle": "Slow Left arm Orthodox",
    "playingRole": "Bowler",
    "image": "https://img1.hscicdn.com/image/upload/f_auto/lsci/db/PICTURES/CMS/317900/317966.jpg",
    "team": "Paarl Royals"
  },
  {
    "name": "Joseph Charles Buttler",
    "nationalteam": "England",
    "battingStyle": "Right hand Bat",
    "bowlingStyle": "",
    "playingRole": "Wicketkeeper Batter",
    "image": "https://img1.hscicdn.com/image/upload/f_auto/lsci/db/PICTURES/CMS/303900/303969.jpg",
    "team": "Paarl Royals"
  },
  {
    "name": "Ferisco Devon Adams",
    "nationalteam": "South Africa",
    "battingStyle": "Right hand Bat",
    "bowlingStyle": "Right arm Fast medium",
    "playingRole": "Bowling Allrounder",
    "image": "https://img1.hscicdn.com/image/upload/f_auto/lsci/db/PICTURES/CMS/297400/297407.1.jpg",
    "team": "Paarl Royals"
  },
  {
    "name": "Obed  Christopher McCoy",
    "nationalteam": "West Indies",
    "battingStyle": "Left hand Bat",
    "bowlingStyle": "Left arm Fast medium",
    "playingRole": "Bowler",
    "image": "https://img1.hscicdn.com/image/upload/f_auto/lsci/db/PICTURES/CMS/322000/322031.png",
    "team": "Paarl Royals"
  },
  {
    "name": "Codi Ethan Yusuf",
    "nationalteam": "South Africa",
    "battingStyle": "Right hand Bat",
    "bowlingStyle": "Right arm Medium",
    "playingRole": "Allrounder",
    "image": "https://www.espncricinfo.com/static/images/espncricinfo-og.png",
    "team": "Paarl Royals"
  },
  {
    "name": "Andile Lucky Phehlukwayo",
    "nationalteam": "South Africa",
    "battingStyle": "Left hand Bat",
    "bowlingStyle": "Right arm Medium fast",
    "playingRole": "Bowling Allrounder",
    "image": "https://img1.hscicdn.com/image/upload/f_auto/lsci/db/PICTURES/CMS/317900/317969.jpg",
    "team": "Paarl Royals"
  },
  {
    "name": "Eoin Joseph Gerard Morgan",
    "nationalteam": "England",
    "battingStyle": "Left hand Bat",
    "bowlingStyle": "Right arm Medium",
    "playingRole": "Middle order Batter",
    "image": "https://img1.hscicdn.com/image/upload/f_auto/lsci/db/PICTURES/CMS/303900/303947.jpg",
    "team": "Paarl Royals"
  },
  {
    "name": "Lungisani True-man Ngidi",
    "nationalteam": "South Africa",
    "battingStyle": "Right hand Bat",
    "bowlingStyle": "Right arm Fast medium",
    "playingRole": "Bowler",
    "image": "https://img1.hscicdn.com/image/upload/f_auto/lsci/db/PICTURES/CMS/317900/317951.jpg",
    "team": "Paarl Royals"
  },
  {
    "name": "Corbin Bosch",
    "nationalteam": "South Africa",
    "battingStyle": "Right hand Bat",
    "bowlingStyle": "Right arm Fast medium",
    "playingRole": "Allrounder",
    "image": "https://img1.hscicdn.com/image/upload/f_auto/lsci/db/PICTURES/CMS/224500/224563.1.jpg",
    "team": "Paarl Royals"
  },
  {
    "name": "Tabraiz Shamsi",
    "nationalteam": "South Africa",
    "battingStyle": "Right hand Bat",
    "bowlingStyle": "Left arm Wrist spin",
    "playingRole": "Bowler",
    "image": "https://img1.hscicdn.com/image/upload/f_auto/lsci/db/PICTURES/CMS/317900/317943.jpg",
    "team": "Paarl Royals"
  },
  {
    "name": "Jason Jonathan Roy",
    "nationalteam": "England",
    "battingStyle": "Right hand Bat",
    "bowlingStyle": "",
    "playingRole": "Opening Batter",
    "image": "https://img1.hscicdn.com/image/upload/f_auto/lsci/db/PICTURES/CMS/303900/303963.jpg",
    "team": "Paarl Royals"
  },
  {
    "name": "Ramon Romario Simmonds",
    "nationalteam": "West Indies",
    "battingStyle": "Left hand Bat",
    "bowlingStyle": "Left arm Fast medium",
    "playingRole": "Bowler",
    "image": "https://www.espncricinfo.com/static/images/espncricinfo-og.png",
    "team": "Paarl Royals"
  },
  {
    "name": "Mitchell Van Buuren",
    "nationalteam": "South Africa",
    "battingStyle": "Right hand Bat",
    "bowlingStyle": "Legbreak Googly",
    "playingRole": "Middle order Batter",
    "image": "https://www.espncricinfo.com/static/images/espncricinfo-og.png",
    "team": "Paarl Royals"
  },
  {
    "name": "Dane James Vilas",
    "nationalteam": "South Africa",
    "battingStyle": "Right hand Bat",
    "bowlingStyle": "",
    "playingRole": "Wicketkeeper Batter",
    "image": "https://img1.hscicdn.com/image/upload/f_auto/lsci/db/PICTURES/CMS/312100/312187.png",
    "team": "Paarl Royals"
  }
]
